阳明,Cyrano
阿诚,Antonio
佩希,Pango
有美,Anabelle
贵妃,Snooty
小雅,Annalisa
安东尼,Olaf
太平,Teddy
丹丹,Pinky
铁熊,Curt
朝阳,Chow
巴克思,Nate
爪爪,Groucho
恋恋,Tutu
妮雅,Ursala
穆穆,Grizzly
瑞秋,Paula
大功,Ike
恰咪,Charlise
熊大叔,Beardo
熊战士,Klaus
糖果,Megan
阿燕,Jay
喳喳,Robin
凤尾,Anchovy
叽叽,Twiggy
纪诺,Jitters
丽婷,Piper
李彻,Admiral
小酒窝,Midge
余板,Jakey
摔角鸦,Lucha
赵奇,Jacques
文雄,Peck
周之翔,Sparro
施万德,Angus
罗迪欧,Rodeo
毛乐时,Stu
罗宋,T-Bone
大常,Coach
卢尔曼,Vic
阿判,Bob
圆圆,Mitzi
彭花,Rosie
奥莉,Olivia
余子酱,Kiki
纯纯,Tangy
尔光,Punchy
小玉,Purrl
仁平,Moe
戈伍纪,Kabuki
阿一,Kid Cat
珍珍,Monique
小虎,Tabby
男子汗,Stinky
朱古莉,Kitty
阿邦,Tom
莎莎,Merry
美佳,Felicity
柠檬娜,Lolly
艳后,Ankha
茶茶,Rudy
巧巧,Katt
杰克,Raymond
娃娃,Bluebear
小枫,Maple
蓬蓬,Poncho
阿钦,Pudge
艾德豪,Kody
玩具熊,Stitches
嘉弼,Vladimir
宪雄,Murphy
毕克萝,Olive
樱桃,Cheri
阿妹,June
佳敏,Pekoe
胖达,Chester
阿西,Barold
然姐,Tammy
玛丁,Marty
美玲,Judy
肯肯,Goose
沛希,Benedict
黄金鸡,Egbert
陶米咕,Ava
咏旋,Becky
帕塔雅,Plucky
金阁,Knox
凯西,Broffina
乌骨鸡,Ken
阿排,Patty
牧牧,Tipper
晨曦,Norma
玉兰,Naomi
阿泥,Alfonso
鳄罗思,Alli
丰年,Boots
大和,Del
海德,Sly
爱莉,Gayle
阿龙,Drago
音音,Fauna
小健,Bam
森森,Zell
布鹿斯,Bruce
娣雅,Deirdre
汤姆,Lopez
洁西卡,Fuchsia
彼得,Beau
倪家莉,Diana
查克,Erik
雀儿喜,Chelsea
牛奶糖,Goldie
约翰,Butch
大吉,Lucky
罗宾,Biskit
阿富,Bones
傅兰,Portia
阿笨,Walker
香草,Daisy
珮琳,Cookie
麻蓉,Maddie
贝果,Bea
金牌,Mac
文字烧,Marcel
小八,Benjamin
花娜,Cherry
包伯,Shep
皮蛋,Bill
李察,Joey
爱哭鬼,Pate
安妮,Maelle
球藻,Deena
海苔裴,Pompom
苏米,Mallary
小鲔,Freckles
阿坊,Derwin
肥肝,Drake
阿守,Scoot
卿德,Weber
米兰达,Miranda
番茄酱,Ketchup
素返真,Gloria
亚美,Molly
何童,Quillson
露露,Opal
巨巨,Dizzy
阿三,Big Top
艾勒芬,Eloise
莎莉,Margie
保罗,Paolo
大大,Axel
泡芙,Ellie
阿原,Tucker
茉莉,Tia
啡卡,Chai
庞克斯,Cyd
雷妮,Lily
锵锵,Ribbot
江适,Frobert
迷仔,Camofrog
毒仔,Drift
山姆,Wart Jr.
剪刀,Puddles
阿刻,Jeremiah
阿田,Tad
春卷,Cousteau
吸管,Huck
青呱,Prince
翡翠,Jambette
嘉俊,Raddle
林妲,Gigi
太子,Croque
小睫,Diva
亨利,Henry
雪儿,Chevre
墨墨,Nan
亚星,Billy
比利,Gruff
班长,Velma
文青,Kidd
芭芭拉,Pashmina
雷姆,Sherb
阿朗,Cesar
哑铃,Peewee
万泰,Boone
壮壮,Louie
空空,Boyd
吴紫眉,Violet
阿保,Al
阿四,Rocket
史奈鲁,Hans
莉拉,Rilla
哈姆,Hamlet
苹果,Apple
麦麦,Graham
米米,Rodney
安安,Soleil
子墨,Clay
雪美,Flurry
小仓,Hamphrey
孔在来,Rocco
曹珂,Bubbles
豆沙,Bertha
贾宝为,Biff
艾咪,Bitty
欧世豪,Harry
戴维,Hippeux
威亚,Buck
圣萝,Victoria
草斑娜,Savannah
酥饼,Elmer
黑马,Roscoe
马星星,Winnie
马誉,Ed
小铀,Cleo
小薰,Peaches
舒芙蕾,Annalise
笛笛,Clyde
安索尼,Colton
小冈,Papi
朱黎,Julian
雷哈娜,Reneigh
尤嘉莉,Yuka
莫儿,Alice
阿得,Melba
思颖,Sydney
钢锁,Gonzo
阿栗,Ozzie
简培菈,Canberra
敖志明,Lyman
罗奇,Eugene
缝缝,Kitt
亚莎,Mathilda
妈咪,Carrie
童儿,Astrid
希薇亚,Sylvia
袋钢,Walt
麦克,Rooney
玛莉亚,Marcie
String,String
莫敬,Bud
皇狮,Elvis
晴天,Rex
老狮,Leopold
李克,Mott
亚瑟,Rory
赖恩睿,Lionel
七七,Nana
远仁,Simon
四月,Tammi
皮猴,Monty
孟琪,Elise
天佑,Flip
雪莉,Shari
德里,Deli
杜美,Dora
韭菜,Limberg
贝拉,Bella
西瓜皮,Bree
和平,Samson
阿将,Rod
甘油,Candi
悄俊,Rizzo
罗萱儿,Anicotti
茜蓝,Broccolo
阿聘,Moose
丸子,Bettina
如意,Greta
小啾,Penelope
起司,Chadder
张瑜,Octavian
章立娜,Marina
章丸丸,Zucker
果果,Queenie
仙仙,Gladys
小岚,Sandy
鹤兹,Sprocket
朱莉亚,Julia
朱禄,Cranston
凯恩,Phil
小偲,Blanche
胡拉拉,Flora
火鸟,Phoebe
阿波罗,Apollo
安地斯,Amelia
谢博强,Pierce
继光,Buzz
安谷斯,Avery
浩克,Frank
银阁,Sterling
法兰克,Keaton
蒂芬妮,Celia
欧若拉,Aurora
企鹅达,Roald
罗斯,Cube
达满,Hopper
谢宾娜,Friga
宝拉,Gwen
哈奇,Puck
竹轮,Wade
秀益,Boomer
花寿司,Iggly
伏特,Tex
蕾拉,Flo
冰莎,Sprinkle
胜利,Curly
嘟嘟,Truffles
古烈,Rasher
阿猪,Hugh
露西,Lucy
肉肉,Crackle
博士,Cobb
达利,Boris
玛格,Maggie
千惠,Peggy
小芽,Gala
豚皇,Chops
伊比利,Kevin
布兰妮,Pancetti
古乃欣,Agnes
莉莉安,Bunnie
玛莎,Dotty
仰韶,Coco
百川,Snake
猛兔,Gaston
珮琪,Gabi
罗塔,Pippy
大姐头,Tiffany
儒林,Genji
月兔,Ruby
阿飞,Doc
阿醋,Claude
法蓝琪,Francine
克莉琪,Chrissy
风杰,Hopkins
桑托斯,O'Hare
巧蔻,Carmen
妙妙,Bonbon
阿甘,Cole
蜜拉,Mira
咚比,Toby
阿足,Tank
梦梦,Rhonda
阿蹲,Spike
光雄,Hornsby
草莓,Merengue
柴姐,Renée
绵绵,Vesta
华尔滋,Baabara
毛海儿,Eunice
毡毡,Stella
爱睦,Cashmere
梅丽诺,Willow
贾洛斯,Curlos
雪花,Wendy
阿司,Timbra
温蒂,Frita
彭澎,Muffy
皮耶罗,Pietro
彩星,Étoile
茶茶丸,Dom
小桃,Peanut
小影,Blaire
瑞奇,Filbert
雷贝嘉,Pecan
咬咬,Nibbles
阿二,Agent S
贾萝琳,Caroline
拉拉米,Sally
闪电,Static
小敏,Mint
嘉治,Ricky
小芹,Cally
娜塔丽,Tasha
孟珮,Sylvana
软糖,Poppy
克栗斯,Sheldon
小润,Marshal
艾栗丝,Hazel
朱穆朗,Rolf
戈麦斯,Rowan
谷丰,Tybalt
卢姿,Bangle
阿彪,Leonardo
马丽莲,Claudia
小雪,Bianca
施傅,Chief
潘奇隆,Lobo
罗博,Wolfgang
毕安卡,Whitney
阿研,Dobie
冰冰,Freya
史培亚,Fang
范妮沙,Vivian
百合,Skye
李可,Kyle
莫妮卡,Audie